{"name":"acertz_austin-bicycle-crashes-from-2010-2017","title":"Austin Bicycle Crashes from 2010-2017","description":"Data Source: State of Texas Department of Transportation via Crash Records Information System query tool\n\nI’m an avid bike commuter and I recently moved to Austin. I reviewed all the bike-related crashes from Texas DOT’s Crash Records Information System.","homepage":"https://data.world/acertz/austin-bicycle-crashes-from-2010-2017","resources":[{"name":"austin_bicycle_crashes_2010_2017","schema":{"fields":[{"name":"crash_id","title":"Crash ID","type":"integer","rdfType":"http://www.w3.org/2001/XMLSchema#integer","dwSourceId":"crash_id"},{"name":"1000_damage_to_any_one_persons_property","title":"$1000 Damage to Any One Person's Property","type":"boolean","rdfType":"http://www.w3.org/2001/XMLSchema#boolean","dwSourceId":"1000_damage_to_any_one_persons_property"},{"name":"active_school_zone_flag","title":"Active School Zone Flag","type":"boolean","rdfType":"http://www.w3.org/2001/XMLSchema#boolean","dwSourceId":"active_school_zone_flag"},{"name":"adjusted_average_daily_traffic_amount","title":"Adjusted Average Daily Traffic Amount","type":"string","rdfType":"http://www.w3.org/2001/XMLSchema#string","dwSourceId":"adjusted_average_daily_traffic_amount"},{"name":"agency","title":"Agency","type":"string","rdfType":"http://www.w3.org/2001/XMLSchema#string","dwSourceId":"agency"},{"name":"at_intersection_flag","title":"At Intersection Flag","type":"boolean","rdfType":"http://www.w3.org/2001/XMLSchema#boolean","dwSourceId":"at_intersection_flag"},{"name":"average_daily_traffic_amount","title":"Average Daily Traffic Amount","type":"string","rdfType":"http://www.w3.org/2001/XMLSchema#string","dwSourceId":"average_daily_traffic_amount"},{"name":"average_daily_traffic_year","title":"Average Daily Traffic Year","type":"string","rdfType":"http://www.w3.org/2001/XMLSchema#string","dwSourceId":"average_daily_traffic_year"},{"name":"case_id","title":"Case ID","type":"string","rdfType":"http://www.w3.org/2001/XMLSchema#string","dwSourceId":"case_id"},{"name":"city","title":"City","type":"string","rdfType":"http://www.w3.org/2001/XMLSchema#string","dwSourceId":"city"},{"name":"construction_zone_flag","title":"Construction Zone Flag","type":"boolean","rdfType":"http://www.w3.org/2001/XMLSchema#boolean","dwSourceId":"construction_zone_flag"},{"name":"construction_zone_workers_present_flag","title":"Construction Zone Workers Present Flag","type":"boolean","rdfType":"http://www.w3.org/2001/XMLSchema#boolean","dwSourceId":"construction_zone_workers_present_flag"},{"name":"county","title":"County","type":"string","rdfType":"http://www.w3.org/2001/XMLSchema#string","dwSourceId":"county"},{"name":"crash_death_count","title":"Crash Death Count","type":"boolean","rdfType":"http://www.w3.org/2001/XMLSchema#boolean","dwSourceId":"crash_death_count"},{"name":"crash_incapacitating_injury_count","title":"Crash Incapacitating Injury Count","type":"integer","rdfType":"http://www.w3.org/2001/XMLSchema#integer","dwSourceId":"crash_incapacitating_injury_count"},{"name":"crash_non_incapacitating_injury_count","title":"Crash Non-incapacitating Injury Count","type":"integer","rdfType":"http://www.w3.org/2001/XMLSchema#integer","dwSourceId":"crash_non_incapacitating_injury_count"},{"name":"crash_not_injured_count","title":"Crash Not Injured Count","type":"integer","rdfType":"http://www.w3.org/2001/XMLSchema#integer","dwSourceId":"crash_not_injured_count"},{"name":"crash_possible_injury_count","title":"Crash Possible Injury Count","type":"integer","rdfType":"http://www.w3.org/2001/XMLSchema#integer","dwSourceId":"crash_possible_injury_count"},{"name":"crash_severity","title":"Crash Severity","type":"string","rdfType":"http://www.w3.org/2001/XMLSchema#string","dwSourceId":"crash_severity"},{"name":"crash_time","title":"Crash Time","type":"integer","rdfType":"http://www.w3.org/2001/XMLSchema#integer","dwSourceId":"crash_time"},{"name":"crash_total_injury_count","title":"Crash Total Injury Count","type":"integer","rdfType":"http://www.w3.org/2001/XMLSchema#integer","dwSourceId":"crash_total_injury_count"},{"name":"crash_unknown_injury_count","title":"Crash Unknown Injury Count","type":"integer","rdfType":"http://www.w3.org/2001/XMLSchema#integer","dwSourceId":"crash_unknown_injury_count"},{"name":"crash_year","title":"Crash Year","type":"gyear","rdfType":"http://www.w3.org/2001/XMLSchema#gYear","dwSourceId":"crash_year"},{"name":"day_of_week","title":"Day of Week","type":"string","rdfType":"http://www.w3.org/2001/XMLSchema#string","dwSourceId":"day_of_week"},{"name":"first_harmful_event","title":"First Harmful Event","type":"string","rdfType":"http://www.w3.org/2001/XMLSchema#string","dwSourceId":"first_harmful_event"},{"name":"highway_system","title":"Highway System","type":"string","rdfType":"http://www.w3.org/2001/XMLSchema#string","dwSourceId":"highway_system"},{"name":"intersecting_street_name","title":"Intersecting Street Name","type":"string","rdfType":"http://www.w3.org/2001/XMLSchema#string","dwSourceId":"intersecting_street_name"},{"name":"intersection_related","title":"Intersection Related","type":"string","rdfType":"http://www.w3.org/2001/XMLSchema#string","dwSourceId":"intersection_related"},{"name":"latitude","title":"Latitude","type":"string","rdfType":"http://www.w3.org/2001/XMLSchema#string","dwSourceId":"latitude"},{"name":"light_condition","title":"Light Condition","type":"string","rdfType":"http://www.w3.org/2001/XMLSchema#string","dwSourceId":"light_condition"},{"name":"longitude","title":"Longitude","type":"string","rdfType":"http://www.w3.org/2001/XMLSchema#string","dwSourceId":"longitude"},{"name":"manner_of_collision","title":"Manner of Collision","type":"string","rdfType":"http://www.w3.org/2001/XMLSchema#string","dwSourceId":"manner_of_collision"},{"name":"number_of_lanes","title":"Number of Lanes","type":"string","rdfType":"http://www.w3.org/2001/XMLSchema#string","dwSourceId":"number_of_lanes"},{"name":"other_factor","title":"Other Factor","type":"string","rdfType":"http://www.w3.org/2001/XMLSchema#string","dwSourceId":"other_factor"},{"name":"outside_shoulder_width_on_divided_highway","title":"Outside Shoulder Width on Divided Highway","type":"string","rdfType":"http://www.w3.org/2001/XMLSchema#string","dwSourceId":"outside_shoulder_width_on_divided_highway"},{"name":"physical_feature_1","title":"Physical Feature 1","type":"string","rdfType":"http://www.w3.org/2001/XMLSchema#string","dwSourceId":"physical_feature_1"},{"name":"population_group","title":"Population Group","type":"string","rdfType":"http://www.w3.org/2001/XMLSchema#string","dwSourceId":"population_group"},{"name":"private_drive_flag","title":"Private Drive Flag","type":"boolean","rdfType":"http://www.w3.org/2001/XMLSchema#boolean","dwSourceId":"private_drive_flag"},{"name":"property_damages","title":"Property Damages","type":"string","rdfType":"http://www.w3.org/2001/XMLSchema#string","dwSourceId":"property_damages"},{"name":"right_of_way_usual_width","title":"Right of Way Usual Width","type":"string","rdfType":"http://www.w3.org/2001/XMLSchema#string","dwSourceId":"right_of_way_usual_width"},{"name":"road_class","title":"Road Class","type":"string","rdfType":"http://www.w3.org/2001/XMLSchema#string","dwSourceId":"road_class"},{"name":"roadway_alignment","title":"Roadway Alignment","type":"string","rdfType":"http://www.w3.org/2001/XMLSchema#string","dwSourceId":"roadway_alignment"},{"name":"roadway_part","title":"Roadway Part","type":"string","rdfType":"http://www.w3.org/2001/XMLSchema#string","dwSourceId":"roadway_part"},{"name":"roadway_relation","title":"Roadway Relation","type":"string","rdfType":"http://www.w3.org/2001/XMLSchema#string","dwSourceId":"roadway_relation"},{"name":"roadway_type","title":"Roadway Type","type":"string","rdfType":"http://www.w3.org/2001/XMLSchema#string","dwSourceId":"roadway_type"},{"name":"speed_limit","title":"Speed Limit","type":"integer","rdfType":"http://www.w3.org/2001/XMLSchema#integer","dwSourceId":"speed_limit"},{"name":"street_name","title":"Street Name","type":"string","rdfType":"http://www.w3.org/2001/XMLSchema#string","dwSourceId":"street_name"},{"name":"street_number","title":"Street Number","type":"string","rdfType":"http://www.w3.org/2001/XMLSchema#string","dwSourceId":"street_number"},{"name":"surface_condition","title":"Surface Condition","type":"string","rdfType":"http://www.w3.org/2001/XMLSchema#string","dwSourceId":"surface_condition"},{"name":"traffic_control_type","title":"Traffic Control Type","type":"string","rdfType":"http://www.w3.org/2001/XMLSchema#string","dwSourceId":"traffic_control_type"},{"name":"weather_condition","title":"Weather Condition","type":"string","rdfType":"http://www.w3.org/2001/XMLSchema#string","dwSourceId":"weather_condition"},{"name":"person_helmet","title":"Person Helmet","type":"string","rdfType":"http://www.w3.org/2001/XMLSchema#string","dwSourceId":"person_helmet"},{"name":"person_type","title":"Person Type","type":"string","rdfType":"http://www.w3.org/2001/XMLSchema#string","dwSourceId":"person_type"}]},"path":"data/austin_bicycle_crashes_2010_2017.csv","format":"csv"},{"name":"original/Austin Bicycle Crashes 2010-2017.csv","path":"original/Austin Bicycle Crashes 2010-2017.csv","format":"csv","mediatype":"text/csv","bytes":1250526}]}